ID,type,name,enter_datetime,start_arrival_datetime,exit_datetime,rest_time,distance,time,speed,type_point,order_trip,barge_ids,total_load,total_load_v2,order_distance,order_time,barge_speed,order_arrival_time,travel_info,tugboat_id,order_id,water_type
Start,Start,Start at ST_014,2025-02-02 22:15:00.000000,2025-02-02 22:15:00.000000,2025-02-02 22:15:00.000000,0.0,0.0,0.0,0.0,main_point,1,,0,0,0.0,0,0,0,,SeaTB_04,ODR_011,Sea
Barge,Barge Collection,Barge Location,2025-02-02 22:15:00.000000,2025-02-02 22:15:00.000000,2025-02-03 16:15:00.000000,0.0,63.0,0.0,12.0,main_point,1,"B_074,B_088,B_030,B_024",1600,0,0.0,0,0,2025-02-03 16:20:00,"{'travel_time': 0.0, 'last_location': (13.1885, 100.815), 'speed': 0, 'start_object': <CodeVS.components.carrier.Carrier object at 0x0000027124C24410>, 'travel_distance': 0.0, 'travel_steps': [<CodeVS.operations.travel_helper.TravelStep object at 0x0000027124AFD0A0>], 'exit_datetime': datetime.datetime(2025, 2, 3, 16, 15)}",SeaTB_04,ODR_011,Sea
Barge,Barge Step Collection,Collecting Barge - B_074 - (ST_014 to ST_001),2025-02-02 22:15:00.000000,2025-02-02 22:35:00.000000,2025-02-03 03:50:00.000000,0.3333333333333333,63.0,5.25,12.0,travel_point,1,B_074,400,0,0.0,0,0,0,,SeaTB_04,ODR_011,Sea
Barge,Barge Step Collection,Collecting Barge - B_088 - (ST_001 to ST_001),2025-02-03 03:50:00.000000,2025-02-03 04:10:00.000000,2025-02-03 04:10:00.000000,0.3333333333333333,0.0,0.0,0.0,travel_point,1,"B_074,B_088",800,0,0.0,0,0,0,,SeaTB_04,ODR_011,Sea
Barge,Barge Step Collection,Collecting Barge - B_030 - (ST_001 to ST_001),2025-02-03 04:10:00.000000,2025-02-03 04:30:00.000000,2025-02-03 04:30:00.000000,0.3333333333333333,0.0,0.0,0.0,travel_point,1,"B_074,B_088,B_030",1200,0,0.0,0,0,0,,SeaTB_04,ODR_011,Sea
Barge,Barge Step Collection,Collecting Barge - B_024 - (ST_001 to ST_001),2025-02-03 04:30:00.000000,2025-02-03 04:50:00.000000,2025-02-03 04:50:00.000000,0.3333333333333333,0.0,0.0,0.0,travel_point,1,"B_074,B_088,B_030,B_024",1600,0,0.0,0,0,0,,SeaTB_04,ODR_011,Sea
ODR_011,Travel To Carrier,MYTHOS,2025-02-03 16:15:00.000000,2025-02-03 16:15:00.000000,2025-02-03 16:15:00.000000,0.0,0.0,0.0,0.0,main_point,1,"B_074,B_088,B_030,B_024",0,0,0.0,0,0,0,,SeaTB_04,ODR_011,Sea
Travel,Sea-Sea,ST_001 to ST_001,2025-02-03 16:15:00.000000,2025-02-03 16:15:00.000000,2025-02-03 16:15:00.000000,0.0,0.0,0.0,8.4144578313253,travel_point,1,"B_074,B_088,B_030,B_024",0,0,0.0,0,0,0,,SeaTB_04,ODR_011,Sea
ODR_011,Start Order Carrier,MYTHOS,2025-02-03 16:15:00.000000,2025-02-03 16:15:00.000000,2025-02-04 04:00:00.000000,0.0,0.0,0.0,0.0,main_point,1,"B_074,B_088,B_030,B_024",11150,0,0.0,0,0,0,,SeaTB_04,ODR_011,Sea
ODR_011,Crane-Carrier,cr7 - B_088,2025-02-03 16:20:00.000000,2025-02-03 16:20:00.000000,2025-02-04 04:00:00.000000,0.0,0.0,11.666666666666666,270.0,loading_point,1,B_088,3150,0,0.0,0,0,0,,SeaTB_04,ODR_011,Sea
ODR_011,Crane-Carrier,cr2 - B_030,2025-02-03 16:20:00.000000,2025-02-03 16:20:00.000000,2025-02-04 03:56:00.000000,0.0,0.0,11.6,250.0,loading_point,1,B_030,2900,0,0.0,0,0,0,,SeaTB_04,ODR_011,Sea
ODR_011,Crane-Carrier,cr6 - B_024,2025-02-03 16:20:00.000000,2025-02-03 16:20:00.000000,2025-02-04 02:44:00.000000,0.0,0.0,10.4,250.0,loading_point,1,B_024,2600,0,0.0,0,0,0,,SeaTB_04,ODR_011,Sea
ODR_011,Crane-Carrier,cr3 - B_074,2025-02-03 16:20:00.000000,2025-02-03 16:20:00.000000,2025-02-04 02:45:00.000000,0.0,0.0,10.416666666666666,240.0,loading_point,1,B_074,2500,0,0.0,0,0,0,,SeaTB_04,ODR_011,Sea
ST_014,Appointment,From MYTHOS To Bang Hua Suea,2025-02-04 04:00:00.000000,2025-02-04 04:00:00.000000,2025-02-05 02:51:46.056481,0.0,62.21893992770459,10.86279346655339,5.727710843373494,main_point,1,"B_074,B_088,B_030,B_024",11150,0,0.0,0,0,0,,SeaTB_04,ODR_011,Sea
Travel,Sea-River,ST_001 to ST_005,2025-02-04 04:00:00.000000,2025-02-04 04:00:00.000000,2025-02-04 10:40:21.496109,0.0,38.21893992770459,6.672637808160457,5.727710843373494,travel_point,1,"B_074,B_088,B_030,B_024",11150,0,0.0,0,0,0,,SeaTB_04,ODR_011,Sea
Travel,Sea-River,stop at ST_005,2025-02-04 10:40:21.496109,2025-02-04 22:40:21.496109,2025-02-04 22:40:21.496109,12.0,0.0,0.0,0.0,travel_point,1,"B_074,B_088,B_030,B_024",11150,0,0.0,0,0,0,,SeaTB_04,ODR_011,Sea
Travel,Sea-River,ST_005 to ST_006,2025-02-04 22:40:21.496109,2025-02-04 22:40:21.496109,2025-02-05 00:35:35.252945,0.0,11.0,1.9204880100967607,0.0,water_level_point,1,"B_074,B_088,B_030,B_024",11150,0,0.0,0,0,0,,SeaTB_04,ODR_011,Sea
Travel,Sea-River,ST_006 to ST_007,2025-02-05 00:35:35.252945,2025-02-05 00:35:35.252945,2025-02-05 00:56:32.299643,0.0,2.0,0.34917963819941106,5.727710843373494,travel_point,1,"B_074,B_088,B_030,B_024",11150,0,0.0,0,0,0,,SeaTB_04,ODR_011,Sea
Travel,Sea-River,ST_007 to ST_008,2025-02-05 00:56:32.299643,2025-02-05 00:56:32.299643,2025-02-05 01:17:29.346341,0.0,2.0,0.34917963819941106,5.727710843373494,travel_point,1,"B_074,B_088,B_030,B_024",11150,0,0.0,0,0,0,,SeaTB_04,ODR_011,Sea
Travel,Sea-River,ST_008 to ST_009,2025-02-05 01:17:29.346341,2025-02-05 01:17:29.346341,2025-02-05 01:27:57.869690,0.0,1.0,0.17458981909970553,5.727710843373494,travel_point,1,"B_074,B_088,B_030,B_024",11150,0,0.0,0,0,0,,SeaTB_04,ODR_011,Sea
Travel,Sea-River,ST_009 to ST_010,2025-02-05 01:27:57.869690,2025-02-05 01:27:57.869690,2025-02-05 02:09:51.963085,0.0,4.0,0.6983592763988221,5.727710843373494,travel_point,1,"B_074,B_088,B_030,B_024",11150,0,0.0,0,0,0,,SeaTB_04,ODR_011,Sea
Travel,Sea-River,ST_010 to ST_011,2025-02-05 02:09:51.963085,2025-02-05 02:09:51.963085,2025-02-05 02:20:20.486434,0.0,1.0,0.17458981909970553,5.727710843373494,travel_point,1,"B_074,B_088,B_030,B_024",11150,0,0.0,0,0,0,,SeaTB_04,ODR_011,Sea
Travel,Sea-River,ST_011 to ST_012,2025-02-05 02:20:20.486434,2025-02-05 02:20:20.486434,2025-02-05 02:30:49.009783,0.0,1.0,0.17458981909970553,5.727710843373494,travel_point,1,"B_074,B_088,B_030,B_024",11150,0,0.0,0,0,0,,SeaTB_04,ODR_011,Sea
Travel,Sea-River,ST_012 to ST_013,2025-02-05 02:30:49.009783,2025-02-05 02:30:49.009783,2025-02-05 02:41:17.533132,0.0,1.0,0.17458981909970553,5.727710843373494,travel_point,1,"B_074,B_088,B_030,B_024",11150,0,0.0,0,0,0,,SeaTB_04,ODR_011,Sea
Travel,Sea-River,ST_013 to ST_014,2025-02-05 02:41:17.533132,2025-02-05 02:41:17.533132,2025-02-05 02:51:46.056481,0.0,1.0,0.17458981909970553,5.727710843373494,travel_point,1,"B_074,B_088,B_030,B_024",11150,0,0.0,0,0,0,,SeaTB_04,ODR_011,Sea
ST_014,Barge Release,Release Barges (B_074 - B_088 - B_030 - B_024),2025-02-05 02:51:46.056481,2025-02-05 02:51:46.056481,2025-02-05 04:51:46.056481,0.0,0.0,120.0,0.0,main_point,1,,0,0,0.0,0,0,0,,SeaTB_04,ODR_011,Sea
Travel,Barge Step Release,Barge Releasing (B_074),2025-02-05 02:51:46.056481,2025-02-05 02:51:46.056481,2025-02-05 03:21:46.056481,0.0,0.0,0.5,0.0,release_point,1,"B_088,B_030,B_024",8650,0,0.0,0,0,0,,SeaTB_04,ODR_011,Sea
Travel,Barge Step Release,Barge Releasing (B_088),2025-02-05 03:21:46.056481,2025-02-05 03:21:46.056481,2025-02-05 03:51:46.056481,0.0,0.0,0.5,0.0,release_point,1,"B_030,B_024",5500,0,0.0,0,0,0,,SeaTB_04,ODR_011,Sea
Travel,Barge Step Release,Barge Releasing (B_030),2025-02-05 03:51:46.056481,2025-02-05 03:51:46.056481,2025-02-05 04:21:46.056481,0.0,0.0,0.5,0.0,release_point,1,B_024,2600,0,0.0,0,0,0,,SeaTB_04,ODR_011,Sea
Travel,Barge Step Release,Barge Releasing (B_024),2025-02-05 04:21:46.056481,2025-02-05 04:21:46.056481,2025-02-05 04:51:46.056481,0.0,0.0,0.5,0.0,release_point,1,,0,0,0.0,0,0,0,,SeaTB_04,ODR_011,Sea
Start,Start,Start at ST_014,2025-02-02 22:30:00.000000,2025-02-02 22:30:00.000000,2025-02-02 22:30:00.000000,0.0,0.0,0.0,0.0,main_point,1,,0,0,0.0,0,0,0,,SeaTB_02,ODR_011,Sea
Barge,Barge Collection,Barge Location,2025-02-02 22:30:00.000000,2025-02-02 22:30:00.000000,2025-02-03 16:15:00.000000,0.0,63.0,0.0,12.0,main_point,1,"B_077,B_053,B_037",1200,0,0.0,0,0,2025-02-03 16:20:00,"{'travel_time': 0.0, 'last_location': (13.1885, 100.815), 'speed': 0, 'start_object': <CodeVS.components.carrier.Carrier object at 0x0000027124C24410>, 'travel_distance': 0.0, 'travel_steps': [<CodeVS.operations.travel_helper.TravelStep object at 0x0000027124AFEE70>], 'exit_datetime': datetime.datetime(2025, 2, 3, 16, 15)}",SeaTB_02,ODR_011,Sea
Barge,Barge Step Collection,Collecting Barge - B_077 - (ST_014 to ST_001),2025-02-02 22:30:00.000000,2025-02-02 22:50:00.000000,2025-02-03 04:05:00.000000,0.3333333333333333,63.0,5.25,12.0,travel_point,1,B_077,400,0,0.0,0,0,0,,SeaTB_02,ODR_011,Sea
Barge,Barge Step Collection,Collecting Barge - B_053 - (ST_001 to ST_001),2025-02-03 04:05:00.000000,2025-02-03 04:25:00.000000,2025-02-03 04:25:00.000000,0.3333333333333333,0.0,0.0,0.0,travel_point,1,"B_077,B_053",800,0,0.0,0,0,0,,SeaTB_02,ODR_011,Sea
Barge,Barge Step Collection,Collecting Barge - B_037 - (ST_001 to ST_001),2025-02-03 04:25:00.000000,2025-02-03 04:45:00.000000,2025-02-03 04:45:00.000000,0.3333333333333333,0.0,0.0,0.0,travel_point,1,"B_077,B_053,B_037",1200,0,0.0,0,0,0,,SeaTB_02,ODR_011,Sea
ODR_011,Travel To Carrier,MYTHOS,2025-02-03 16:15:00.000000,2025-02-03 16:15:00.000000,2025-02-03 16:15:00.000000,0.0,0.0,0.0,0.0,main_point,1,"B_077,B_053,B_037",0,0,0.0,0,0,0,,SeaTB_02,ODR_011,Sea
Travel,Sea-Sea,ST_001 to ST_001,2025-02-03 16:15:00.000000,2025-02-03 16:15:00.000000,2025-02-03 16:15:00.000000,0.0,0.0,0.0,9.20655737704918,travel_point,1,"B_077,B_053,B_037",0,0,0.0,0,0,0,,SeaTB_02,ODR_011,Sea
ODR_011,Start Order Carrier,MYTHOS,2025-02-03 16:15:00.000000,2025-02-03 16:15:00.000000,2025-02-04 05:00:00.000000,0.0,0.0,0.0,0.0,main_point,1,"B_077,B_053,B_037",7650,0,0.0,0,0,0,,SeaTB_02,ODR_011,Sea
ODR_011,Crane-Carrier,cr1 - B_037,2025-02-03 16:20:00.000000,2025-02-03 16:20:00.000000,2025-02-04 04:56:31.304348,0.0,0.0,12.608695652173912,230.0,loading_point,1,B_037,2900,0,0.0,0,0,0,,SeaTB_02,ODR_011,Sea
ODR_011,Crane-Carrier,cr4 - B_077,2025-02-03 16:20:00.000000,2025-02-03 16:20:00.000000,2025-02-04 04:14:17.142857,0.0,0.0,11.904761904761905,210.0,loading_point,1,B_077,2500,0,0.0,0,0,0,,SeaTB_02,ODR_011,Sea
ODR_011,Crane-Carrier,cr5 - B_053,2025-02-03 16:20:00.000000,2025-02-03 16:20:00.000000,2025-02-04 03:35:00.000000,0.0,0.0,11.25,200.0,loading_point,1,B_053,2250,0,0.0,0,0,0,,SeaTB_02,ODR_011,Sea
ST_014,Appointment,From MYTHOS To Bang Hua Suea,2025-02-04 05:00:00.000000,2025-02-04 05:00:00.000000,2025-02-05 02:17:19.254059,0.0,62.21893992770459,9.28868168279486,6.698360655737705,main_point,1,"B_077,B_053,B_037",7650,0,0.0,0,0,0,,SeaTB_02,ODR_011,Sea
Travel,Sea-River,ST_001 to ST_005,2025-02-04 05:00:00.000000,2025-02-04 05:00:00.000000,2025-02-04 10:42:20.575644,0.0,38.21893992770459,5.7057154566568276,6.698360655737705,travel_point,1,"B_077,B_053,B_037",7650,0,0.0,0,0,0,,SeaTB_02,ODR_011,Sea
Travel,Sea-River,stop at ST_005,2025-02-04 10:42:20.575644,2025-02-04 22:42:20.575644,2025-02-04 22:42:20.575644,12.0,0.0,0.0,0.0,travel_point,1,"B_077,B_053,B_037",7650,0,0.0,0,0,0,,SeaTB_02,ODR_011,Sea
Travel,Sea-River,ST_005 to ST_006,2025-02-04 22:42:20.575644,2025-02-04 22:42:20.575644,2025-02-05 00:20:52.469917,0.0,11.0,1.6421928536465982,0.0,water_level_point,1,"B_077,B_053,B_037",7650,0,0.0,0,0,0,,SeaTB_02,ODR_011,Sea
Travel,Sea-River,ST_006 to ST_007,2025-02-05 00:20:52.469917,2025-02-05 00:20:52.469917,2025-02-05 00:38:47.359785,0.0,2.0,0.298580518844836,6.698360655737705,travel_point,1,"B_077,B_053,B_037",7650,0,0.0,0,0,0,,SeaTB_02,ODR_011,Sea
Travel,Sea-River,ST_007 to ST_008,2025-02-05 00:38:47.359785,2025-02-05 00:38:47.359785,2025-02-05 00:56:42.249653,0.0,2.0,0.298580518844836,6.698360655737705,travel_point,1,"B_077,B_053,B_037",7650,0,0.0,0,0,0,,SeaTB_02,ODR_011,Sea
Travel,Sea-River,ST_008 to ST_009,2025-02-05 00:56:42.249653,2025-02-05 00:56:42.249653,2025-02-05 01:05:39.694587,0.0,1.0,0.149290259422418,6.698360655737705,travel_point,1,"B_077,B_053,B_037",7650,0,0.0,0,0,0,,SeaTB_02,ODR_011,Sea
Travel,Sea-River,ST_009 to ST_010,2025-02-05 01:05:39.694587,2025-02-05 01:05:39.694587,2025-02-05 01:41:29.474323,0.0,4.0,0.597161037689672,6.698360655737705,travel_point,1,"B_077,B_053,B_037",7650,0,0.0,0,0,0,,SeaTB_02,ODR_011,Sea
Travel,Sea-River,ST_010 to ST_011,2025-02-05 01:41:29.474323,2025-02-05 01:41:29.474323,2025-02-05 01:50:26.919257,0.0,1.0,0.149290259422418,6.698360655737705,travel_point,1,"B_077,B_053,B_037",7650,0,0.0,0,0,0,,SeaTB_02,ODR_011,Sea
Travel,Sea-River,ST_011 to ST_012,2025-02-05 01:50:26.919257,2025-02-05 01:50:26.919257,2025-02-05 01:59:24.364191,0.0,1.0,0.149290259422418,6.698360655737705,travel_point,1,"B_077,B_053,B_037",7650,0,0.0,0,0,0,,SeaTB_02,ODR_011,Sea
Travel,Sea-River,ST_012 to ST_013,2025-02-05 01:59:24.364191,2025-02-05 01:59:24.364191,2025-02-05 02:08:21.809125,0.0,1.0,0.149290259422418,6.698360655737705,travel_point,1,"B_077,B_053,B_037",7650,0,0.0,0,0,0,,SeaTB_02,ODR_011,Sea
Travel,Sea-River,ST_013 to ST_014,2025-02-05 02:08:21.809125,2025-02-05 02:08:21.809125,2025-02-05 02:17:19.254059,0.0,1.0,0.149290259422418,6.698360655737705,travel_point,1,"B_077,B_053,B_037",7650,0,0.0,0,0,0,,SeaTB_02,ODR_011,Sea
ST_014,Barge Release,Release Barges (B_077 - B_053 - B_037),2025-02-05 02:17:19.254059,2025-02-05 02:17:19.254059,2025-02-05 03:47:19.254059,0.0,0.0,90.0,0.0,main_point,1,,0,0,0.0,0,0,0,,SeaTB_02,ODR_011,Sea
Travel,Barge Step Release,Barge Releasing (B_077),2025-02-05 02:17:19.254059,2025-02-05 02:17:19.254059,2025-02-05 02:47:19.254059,0.0,0.0,0.5,0.0,release_point,1,"B_053,B_037",5150,0,0.0,0,0,0,,SeaTB_02,ODR_011,Sea
Travel,Barge Step Release,Barge Releasing (B_053),2025-02-05 02:47:19.254059,2025-02-05 02:47:19.254059,2025-02-05 03:17:19.254059,0.0,0.0,0.5,0.0,release_point,1,B_037,2900,0,0.0,0,0,0,,SeaTB_02,ODR_011,Sea
Travel,Barge Step Release,Barge Releasing (B_037),2025-02-05 03:17:19.254059,2025-02-05 03:17:19.254059,2025-02-05 03:47:19.254059,0.0,0.0,0.5,0.0,release_point,1,,0,0,0.0,0,0,0,,SeaTB_02,ODR_011,Sea
Start,Start,Start at ST_014,2025-02-02 22:45:00.000000,2025-02-02 22:45:00.000000,2025-02-02 22:45:00.000000,0.0,0.0,0.0,0.0,main_point,1,,0,0,0.0,0,0,0,,SeaTB_11,ODR_011,Sea
Barge,Barge Collection,Barge Location,2025-02-02 22:45:00.000000,2025-02-02 22:45:00.000000,2025-02-03 16:15:00.000000,0.0,63.0,0.0,12.0,main_point,1,"B_095,B_066",800,0,0.0,0,0,2025-02-03 16:20:00,"{'travel_time': 0.0, 'last_location': (13.1885, 100.815), 'speed': 0, 'start_object': <CodeVS.components.carrier.Carrier object at 0x0000027124C24410>, 'travel_distance': 0.0, 'travel_steps': [<CodeVS.operations.travel_helper.TravelStep object at 0x0000027124AFEDB0>], 'exit_datetime': datetime.datetime(2025, 2, 3, 16, 15)}",SeaTB_11,ODR_011,Sea
Barge,Barge Step Collection,Collecting Barge - B_095 - (ST_014 to ST_001),2025-02-02 22:45:00.000000,2025-02-02 23:05:00.000000,2025-02-03 04:20:00.000000,0.3333333333333333,63.0,5.25,12.0,travel_point,1,B_095,400,0,0.0,0,0,0,,SeaTB_11,ODR_011,Sea
Barge,Barge Step Collection,Collecting Barge - B_066 - (ST_001 to ST_001),2025-02-03 04:20:00.000000,2025-02-03 04:40:00.000000,2025-02-03 04:40:00.000000,0.3333333333333333,0.0,0.0,0.0,travel_point,1,"B_095,B_066",800,0,0.0,0,0,0,,SeaTB_11,ODR_011,Sea
ODR_011,Travel To Carrier,MYTHOS,2025-02-03 16:15:00.000000,2025-02-03 16:15:00.000000,2025-02-03 16:15:00.000000,0.0,0.0,0.0,0.0,main_point,1,"B_095,B_066",0,0,0.0,0,0,0,,SeaTB_11,ODR_011,Sea
Travel,Sea-Sea,ST_001 to ST_001,2025-02-03 16:15:00.000000,2025-02-03 16:15:00.000000,2025-02-03 16:15:00.000000,0.0,0.0,0.0,10.476190476190476,travel_point,1,"B_095,B_066",0,0,0.0,0,0,0,,SeaTB_11,ODR_011,Sea
ODR_011,Start Order Carrier,MYTHOS,2025-02-03 16:15:00.000000,2025-02-03 16:15:00.000000,2025-02-04 15:30:00.000000,0.0,0.0,0.0,0.0,main_point,1,"B_095,B_066",4650,0,0.0,0,0,0,,SeaTB_11,ODR_011,Sea
ODR_011,Crane-Carrier,cr6 - B_095,2025-02-04 02:44:00.000000,2025-02-04 02:44:00.000000,2025-02-04 15:20:00.000000,0.0,0.0,12.6,250.0,loading_point,1,B_095,3150,0,0.0,0,0,0,,SeaTB_11,ODR_011,Sea
ODR_011,Crane-Carrier,cr3 - B_066,2025-02-04 02:45:00.000000,2025-02-04 02:45:00.000000,2025-02-04 09:00:00.000000,0.0,0.0,6.25,240.0,loading_point,1,B_066,1500,0,0.0,0,0,0,,SeaTB_11,ODR_011,Sea
ST_014,Appointment,From MYTHOS To Bang Hua Suea,2025-02-04 15:30:00.000000,2025-02-04 15:30:00.000000,2025-02-05 01:08:27.252139,0.0,62.21893992770459,6.640903372207352,9.369047619047619,main_point,1,"B_095,B_066",4650,0,0.0,0,0,0,,SeaTB_11,ODR_011,Sea
Travel,Sea-River,ST_001 to ST_005,2025-02-04 15:30:00.000000,2025-02-04 15:30:00.000000,2025-02-04 19:34:45.396994,0.0,38.21893992770459,4.079276942728317,9.369047619047619,travel_point,1,"B_095,B_066",4650,0,0.0,0,0,0,,SeaTB_11,ODR_011,Sea
Travel,Sea-River,stop at ST_005,2025-02-04 19:34:45.396994,2025-02-04 22:34:45.396994,2025-02-04 22:34:45.396994,3.0,0.0,0.0,0.0,travel_point,1,"B_095,B_066",4650,0,0.0,0,0,0,,SeaTB_11,ODR_011,Sea
Travel,Sea-River,ST_005 to ST_006,2025-02-04 22:34:45.396994,2025-02-04 22:34:45.396994,2025-02-04 23:45:12.080603,0.0,11.0,1.1740787801778907,0.0,water_level_point,1,"B_095,B_066",4650,0,0.0,0,0,0,,SeaTB_11,ODR_011,Sea
Travel,Sea-River,ST_006 to ST_007,2025-02-04 23:45:12.080603,2025-02-04 23:45:12.080603,2025-02-04 23:58:00.568532,0.0,2.0,0.21346886912325286,9.369047619047619,travel_point,1,"B_095,B_066",4650,0,0.0,0,0,0,,SeaTB_11,ODR_011,Sea
Travel,Sea-River,ST_007 to ST_008,2025-02-04 23:58:00.568532,2025-02-04 23:58:00.568532,2025-02-05 00:10:49.056461,0.0,2.0,0.21346886912325286,9.369047619047619,travel_point,1,"B_095,B_066",4650,0,0.0,0,0,0,,SeaTB_11,ODR_011,Sea
Travel,Sea-River,ST_008 to ST_009,2025-02-05 00:10:49.056461,2025-02-05 00:10:49.056461,2025-02-05 00:17:13.300425,0.0,1.0,0.10673443456162643,9.369047619047619,travel_point,1,"B_095,B_066",4650,0,0.0,0,0,0,,SeaTB_11,ODR_011,Sea
Travel,Sea-River,ST_009 to ST_010,2025-02-05 00:17:13.300425,2025-02-05 00:17:13.300425,2025-02-05 00:42:50.276283,0.0,4.0,0.4269377382465057,9.369047619047619,travel_point,1,"B_095,B_066",4650,0,0.0,0,0,0,,SeaTB_11,ODR_011,Sea
Travel,Sea-River,ST_010 to ST_011,2025-02-05 00:42:50.276283,2025-02-05 00:42:50.276283,2025-02-05 00:49:14.520247,0.0,1.0,0.10673443456162643,9.369047619047619,travel_point,1,"B_095,B_066",4650,0,0.0,0,0,0,,SeaTB_11,ODR_011,Sea
Travel,Sea-River,ST_011 to ST_012,2025-02-05 00:49:14.520247,2025-02-05 00:49:14.520247,2025-02-05 00:55:38.764211,0.0,1.0,0.10673443456162643,9.369047619047619,travel_point,1,"B_095,B_066",4650,0,0.0,0,0,0,,SeaTB_11,ODR_011,Sea
Travel,Sea-River,ST_012 to ST_013,2025-02-05 00:55:38.764211,2025-02-05 00:55:38.764211,2025-02-05 01:02:03.008175,0.0,1.0,0.10673443456162643,9.369047619047619,travel_point,1,"B_095,B_066",4650,0,0.0,0,0,0,,SeaTB_11,ODR_011,Sea
Travel,Sea-River,ST_013 to ST_014,2025-02-05 01:02:03.008175,2025-02-05 01:02:03.008175,2025-02-05 01:08:27.252139,0.0,1.0,0.10673443456162643,9.369047619047619,travel_point,1,"B_095,B_066",4650,0,0.0,0,0,0,,SeaTB_11,ODR_011,Sea
ST_014,Barge Release,Release Barges (B_095 - B_066),2025-02-05 01:08:27.252139,2025-02-05 01:08:27.252139,2025-02-05 02:08:27.252139,0.0,0.0,60.0,0.0,main_point,1,,0,0,0.0,0,0,0,,SeaTB_11,ODR_011,Sea
Travel,Barge Step Release,Barge Releasing (B_095),2025-02-05 01:08:27.252139,2025-02-05 01:08:27.252139,2025-02-05 01:38:27.252139,0.0,0.0,0.5,0.0,release_point,1,B_066,1500,0,0.0,0,0,0,,SeaTB_11,ODR_011,Sea
Travel,Barge Step Release,Barge Releasing (B_066),2025-02-05 01:38:27.252139,2025-02-05 01:38:27.252139,2025-02-05 02:08:27.252139,0.0,0.0,0.5,0.0,release_point,1,,0,0,0.0,0,0,0,,SeaTB_11,ODR_011,Sea
Start,Start,River Start at ST_014,2025-02-05 01:45:00.000000,2025-02-05 01:45:00.000000,2025-02-05 01:45:00.000000,0.0,0.0,0.0,0.0,main_point,1,,0,0,0.0,0,0,0,,RiverTB_11,ODR_011,River
ST_014,Barge Change,Change at Bang Hua Suea,2025-02-05 03:15:00.000000,2025-02-05 03:15:00.000000,2025-02-05 04:35:00.000000,0.0,0.0,0.0,12.0,main_point,1,"B_095,B_066,B_077,B_053",9400,0,0.0,0,0,0,,RiverTB_11,ODR_011,River
Barge,Barge Change Collection,Change Barge - B_095 - (ST_014 to ST_014),2025-02-05 03:15:00.000000,2025-02-05 03:15:00.000000,2025-02-05 03:35:00.000000,0.0,0.0,0.0,0.0,travel_point,1,B_095,3150,0,0.0,0,0,0,,RiverTB_11,ODR_011,River
Barge,Barge Change Collection,Change Barge - B_066 - (ST_014 to ST_014),2025-02-05 03:35:00.000000,2025-02-05 03:35:00.000000,2025-02-05 03:55:00.000000,0.0,0.0,0.0,0.0,travel_point,1,"B_095,B_066",4650,0,0.0,0,0,0,,RiverTB_11,ODR_011,River
Barge,Barge Change Collection,Change Barge - B_077 - (ST_014 to ST_014),2025-02-05 03:55:00.000000,2025-02-05 03:55:00.000000,2025-02-05 04:15:00.000000,0.0,0.0,0.0,0.0,travel_point,1,"B_095,B_066,B_077",7150,0,0.0,0,0,0,,RiverTB_11,ODR_011,River
Barge,Barge Change Collection,Change Barge - B_053 - (ST_014 to ST_014),2025-02-05 04:15:00.000000,2025-02-05 04:15:00.000000,2025-02-05 04:35:00.000000,0.0,0.0,0.0,0.0,travel_point,1,"B_095,B_066,B_077,B_053",9400,0,0.0,0,0,0,,RiverTB_11,ODR_011,River
ST_050,Customer Station,From Bang Hua Suea To Pui Mabin NKL R,2025-02-05 04:35:00.000000,2025-02-05 04:35:00.000000,2025-02-07 19:02:35.505999,0.0,145.0,24.249571183533448,5.97948717948718,main_point,1,"B_095,B_066,B_077,B_053",9400,0,0.0,0,0,0,,RiverTB_11,ODR_011,River
Travel,River-River,ST_014 to ST_015,2025-02-05 04:35:00.000000,2025-02-05 04:35:00.000000,2025-02-05 05:25:10.291595,0.0,5.0,0.8361921097770154,5.97948717948718,travel_point,1,"B_095,B_066,B_077,B_053",9400,0,0.0,0,0,0,,RiverTB_11,ODR_011,River
Travel,River-River,ST_015 to ST_016,2025-02-05 05:25:10.291595,2025-02-05 05:25:10.291595,2025-02-05 05:45:14.408233,0.0,2.0,0.3344768439108062,5.97948717948718,travel_point,1,"B_095,B_066,B_077,B_053",9400,0,0.0,0,0,0,,RiverTB_11,ODR_011,River
Travel,River-River,ST_016 to ST_017,2025-02-05 05:45:14.408233,2025-02-05 05:45:14.408233,2025-02-05 06:05:18.524871,0.0,2.0,0.3344768439108062,5.97948717948718,travel_point,1,"B_095,B_066,B_077,B_053",9400,0,0.0,0,0,0,,RiverTB_11,ODR_011,River
Travel,River-River,ST_017 to ST_018,2025-02-05 06:05:18.524871,2025-02-05 06:05:18.524871,2025-02-05 06:15:20.583190,0.0,1.0,0.1672384219554031,5.97948717948718,travel_point,1,"B_095,B_066,B_077,B_053",9400,0,0.0,0,0,0,,RiverTB_11,ODR_011,River
Travel,River-River,ST_018 to ST_019,2025-02-05 06:15:20.583190,2025-02-05 06:15:20.583190,2025-02-05 06:55:28.816466,0.0,4.0,0.6689536878216124,5.97948717948718,travel_point,1,"B_095,B_066,B_077,B_053",9400,0,0.0,0,0,0,,RiverTB_11,ODR_011,River
Travel,River-River,ST_019 to ST_020,2025-02-05 06:55:28.816466,2025-02-05 06:55:28.816466,2025-02-05 07:15:32.933104,0.0,2.0,0.3344768439108062,5.97948717948718,travel_point,1,"B_095,B_066,B_077,B_053",9400,0,0.0,0,0,0,,RiverTB_11,ODR_011,River
Travel,River-River,ST_020 to ST_021,2025-02-05 07:15:32.933104,2025-02-05 07:15:32.933104,2025-02-05 07:45:39.108061,0.0,3.0,0.5017152658662093,5.97948717948718,travel_point,1,"B_095,B_066,B_077,B_053",9400,0,0.0,0,0,0,,RiverTB_11,ODR_011,River
Travel,River-River,ST_021 to ST_022,2025-02-05 07:45:39.108061,2025-02-05 07:45:39.108061,2025-02-05 08:25:47.341337,0.0,4.0,0.6689536878216124,5.97948717948718,travel_point,1,"B_095,B_066,B_077,B_053",9400,0,0.0,0,0,0,,RiverTB_11,ODR_011,River
Travel,River-River,stop at ST_022,2025-02-05 08:25:47.341337,2025-02-06 01:16:09.982846,2025-02-06 01:16:09.982846,16.83962264138889,0.0,0.0,0.0,travel_point,1,"B_095,B_066,B_077,B_053",9400,0,0.0,0,0,0,,RiverTB_11,ODR_011,River
Travel,River-River,ST_022 to ST_023,2025-02-06 01:16:09.982846,2025-02-06 01:16:09.982846,2025-02-06 03:06:32.624355,0.0,11.0,1.8396226415094339,0.0,water_level_point,1,"B_095,B_066,B_077,B_053",9400,0,0.0,0,0,0,,RiverTB_11,ODR_011,River
Travel,River-River,ST_023 to ST_024,2025-02-06 03:06:32.624355,2025-02-06 03:06:32.624355,2025-02-06 03:16:34.682674,0.0,1.0,0.1672384219554031,5.97948717948718,travel_point,1,"B_095,B_066,B_077,B_053",9400,0,0.0,0,0,0,,RiverTB_11,ODR_011,River
Travel,River-River,ST_024 to ST_025,2025-02-06 03:16:34.682674,2025-02-06 03:16:34.682674,2025-02-06 06:47:17.907374,0.0,21.0,3.512006861063465,5.97948717948718,travel_point,1,"B_095,B_066,B_077,B_053",9400,0,0.0,0,0,0,,RiverTB_11,ODR_011,River
Travel,River-River,ST_025 to ST_026,2025-02-06 06:47:17.907374,2025-02-06 06:47:17.907374,2025-02-06 07:07:22.024012,0.0,2.0,0.3344768439108062,5.97948717948718,travel_point,1,"B_095,B_066,B_077,B_053",9400,0,0.0,0,0,0,,RiverTB_11,ODR_011,River
Travel,River-River,ST_026 to ST_027,2025-02-06 07:07:22.024012,2025-02-06 07:07:22.024012,2025-02-06 08:07:34.373926,0.0,6.0,1.0034305317324186,5.97948717948718,travel_point,1,"B_095,B_066,B_077,B_053",9400,0,0.0,0,0,0,,RiverTB_11,ODR_011,River
Travel,River-River,ST_027 to ST_028,2025-02-06 08:07:34.373926,2025-02-06 08:07:34.373926,2025-02-06 09:57:57.015435,0.0,11.0,1.8396226415094339,5.97948717948718,travel_point,1,"B_095,B_066,B_077,B_053",9400,0,0.0,0,0,0,,RiverTB_11,ODR_011,River
Travel,River-River,ST_028 to ST_029,2025-02-06 09:57:57.015435,2025-02-06 09:57:57.015435,2025-02-06 10:28:03.190392,0.0,3.0,0.5017152658662093,5.97948717948718,travel_point,1,"B_095,B_066,B_077,B_053",9400,0,0.0,0,0,0,,RiverTB_11,ODR_011,River
Travel,River-River,ST_029 to ST_030,2025-02-06 10:28:03.190392,2025-02-06 10:28:03.190392,2025-02-06 10:58:09.365349,0.0,3.0,0.5017152658662093,5.97948717948718,travel_point,1,"B_095,B_066,B_077,B_053",9400,0,0.0,0,0,0,,RiverTB_11,ODR_011,River
Travel,River-River,ST_030 to ST_031,2025-02-06 10:58:09.365349,2025-02-06 10:58:09.365349,2025-02-06 13:18:38.181816,0.0,14.0,2.3413379073756433,5.97948717948718,travel_point,1,"B_095,B_066,B_077,B_053",9400,0,0.0,0,0,0,,RiverTB_11,ODR_011,River
Travel,River-River,ST_031 to ST_032,2025-02-06 13:18:38.181816,2025-02-06 13:18:38.181816,2025-02-06 13:38:42.298454,0.0,2.0,0.3344768439108062,5.97948717948718,travel_point,1,"B_095,B_066,B_077,B_053",9400,0,0.0,0,0,0,,RiverTB_11,ODR_011,River
Travel,River-River,ST_032 to ST_033,2025-02-06 13:38:42.298454,2025-02-06 13:38:42.298454,2025-02-06 13:58:46.415092,0.0,2.0,0.3344768439108062,5.97948717948718,travel_point,1,"B_095,B_066,B_077,B_053",9400,0,0.0,0,0,0,,RiverTB_11,ODR_011,River
Travel,River-River,ST_033 to ST_034,2025-02-06 13:58:46.415092,2025-02-06 13:58:46.415092,2025-02-06 14:18:50.531730,0.0,2.0,0.3344768439108062,5.97948717948718,travel_point,1,"B_095,B_066,B_077,B_053",9400,0,0.0,0,0,0,,RiverTB_11,ODR_011,River
Travel,River-River,stop at ST_034,2025-02-06 14:18:50.531730,2025-02-07 06:29:04.939963,2025-02-07 06:29:04.939963,16.170668953611113,0.0,0.0,0.0,travel_point,1,"B_095,B_066,B_077,B_053",9400,0,0.0,0,0,0,,RiverTB_11,ODR_011,River
Travel,River-River,ST_034 to ST_035,2025-02-07 06:29:04.939963,2025-02-07 06:29:04.939963,2025-02-07 07:39:19.348196,0.0,7.0,1.1706689536878216,0.0,water_level_point,1,"B_095,B_066,B_077,B_053",9400,0,0.0,0,0,0,,RiverTB_11,ODR_011,River
Travel,River-River,ST_035 to ST_036,2025-02-07 07:39:19.348196,2025-02-07 07:39:19.348196,2025-02-07 09:19:39.931386,0.0,10.0,1.6723842195540308,5.97948717948718,travel_point,1,"B_095,B_066,B_077,B_053",9400,0,0.0,0,0,0,,RiverTB_11,ODR_011,River
Travel,River-River,ST_036 to ST_037,2025-02-07 09:19:39.931386,2025-02-07 09:19:39.931386,2025-02-07 09:39:44.048024,0.0,2.0,0.3344768439108062,5.97948717948718,travel_point,1,"B_095,B_066,B_077,B_053",9400,0,0.0,0,0,0,,RiverTB_11,ODR_011,River
Travel,River-River,ST_037 to ST_038,2025-02-07 09:39:44.048024,2025-02-07 09:39:44.048024,2025-02-07 10:09:50.222981,0.0,3.0,0.5017152658662093,5.97948717948718,travel_point,1,"B_095,B_066,B_077,B_053",9400,0,0.0,0,0,0,,RiverTB_11,ODR_011,River
Travel,River-River,ST_038 to ST_039,2025-02-07 10:09:50.222981,2025-02-07 10:09:50.222981,2025-02-07 10:29:54.339619,0.0,2.0,0.3344768439108062,5.97948717948718,travel_point,1,"B_095,B_066,B_077,B_053",9400,0,0.0,0,0,0,,RiverTB_11,ODR_011,River
Travel,River-River,ST_039 to ST_040,2025-02-07 10:29:54.339619,2025-02-07 10:29:54.339619,2025-02-07 10:39:56.397938,0.0,1.0,0.1672384219554031,5.97948717948718,travel_point,1,"B_095,B_066,B_077,B_053",9400,0,0.0,0,0,0,,RiverTB_11,ODR_011,River
Travel,River-River,ST_040 to ST_041,2025-02-07 10:39:56.397938,2025-02-07 10:39:56.397938,2025-02-07 10:49:58.456257,0.0,1.0,0.1672384219554031,5.97948717948718,travel_point,1,"B_095,B_066,B_077,B_053",9400,0,0.0,0,0,0,,RiverTB_11,ODR_011,River
Travel,River-River,ST_041 to ST_042,2025-02-07 10:49:58.456257,2025-02-07 10:49:58.456257,2025-02-07 11:10:02.572895,0.0,2.0,0.3344768439108062,5.97948717948718,travel_point,1,"B_095,B_066,B_077,B_053",9400,0,0.0,0,0,0,,RiverTB_11,ODR_011,River
Travel,River-River,ST_042 to ST_043,2025-02-07 11:10:02.572895,2025-02-07 11:10:02.572895,2025-02-07 11:20:04.631214,0.0,1.0,0.1672384219554031,5.97948717948718,travel_point,1,"B_095,B_066,B_077,B_053",9400,0,0.0,0,0,0,,RiverTB_11,ODR_011,River
Travel,River-River,ST_043 to ST_044,2025-02-07 11:20:04.631214,2025-02-07 11:20:04.631214,2025-02-07 11:40:08.747852,0.0,2.0,0.3344768439108062,5.97948717948718,travel_point,1,"B_095,B_066,B_077,B_053",9400,0,0.0,0,0,0,,RiverTB_11,ODR_011,River
Travel,River-River,ST_044 to ST_045,2025-02-07 11:40:08.747852,2025-02-07 11:40:08.747852,2025-02-07 11:50:10.806171,0.0,1.0,0.1672384219554031,5.97948717948718,travel_point,1,"B_095,B_066,B_077,B_053",9400,0,0.0,0,0,0,,RiverTB_11,ODR_011,River
Travel,River-River,ST_045 to ST_046,2025-02-07 11:50:10.806171,2025-02-07 11:50:10.806171,2025-02-07 12:00:12.864490,0.0,1.0,0.1672384219554031,5.97948717948718,travel_point,1,"B_095,B_066,B_077,B_053",9400,0,0.0,0,0,0,,RiverTB_11,ODR_011,River
Travel,River-River,ST_046 to ST_047,2025-02-07 12:00:12.864490,2025-02-07 12:00:12.864490,2025-02-07 12:20:16.981128,0.0,2.0,0.3344768439108062,5.97948717948718,travel_point,1,"B_095,B_066,B_077,B_053",9400,0,0.0,0,0,0,,RiverTB_11,ODR_011,River
Travel,River-River,ST_047 to ST_048,2025-02-07 12:20:16.981128,2025-02-07 12:20:16.981128,2025-02-07 12:30:19.039447,0.0,1.0,0.1672384219554031,5.97948717948718,travel_point,1,"B_095,B_066,B_077,B_053",9400,0,0.0,0,0,0,,RiverTB_11,ODR_011,River
Travel,River-River,ST_048 to ST_049,2025-02-07 12:30:19.039447,2025-02-07 12:30:19.039447,2025-02-07 13:40:33.447680,0.0,7.0,1.1706689536878216,5.97948717948718,travel_point,1,"B_095,B_066,B_077,B_053",9400,0,0.0,0,0,0,,RiverTB_11,ODR_011,River
Travel,River-River,ST_049 to ST_050,2025-02-07 13:40:33.447680,2025-02-07 13:40:33.447680,2025-02-07 13:50:35.505999,0.0,1.0,0.1672384219554031,5.97948717948718,travel_point,1,"B_095,B_066,B_077,B_053",9400,0,0.0,0,0,0,,RiverTB_11,ODR_011,River
ODR_011,Loader-Customer,ld1 - B_095,2025-02-07 13:50:35.505999,2025-02-07 13:50:35.505999,2025-02-07 15:35:35.505999,0.0,0.0,1.75,1800.0,loading_point,1,B_095,3150,0,0.0,0,0,0,,RiverTB_11,ODR_011,River
ODR_011,Loader-Customer,ld1 - B_077,2025-02-07 15:35:35.505999,2025-02-07 15:35:35.505999,2025-02-07 16:58:35.505999,0.0,0.0,1.3888888888888888,1800.0,loading_point,1,B_077,2500,0,0.0,0,0,0,,RiverTB_11,ODR_011,River
ODR_011,Loader-Customer,ld1 - B_053,2025-02-07 16:58:35.505999,2025-02-07 16:58:35.505999,2025-02-07 18:13:35.505999,0.0,0.0,1.25,1800.0,loading_point,1,B_053,2250,0,0.0,0,0,0,,RiverTB_11,ODR_011,River
ODR_011,Loader-Customer,ld1 - B_066,2025-02-07 18:13:35.505999,2025-02-07 18:13:35.505999,2025-02-07 19:02:35.505999,0.0,0.0,0.8333333333333334,1800.0,loading_point,1,B_066,1500,0,0.0,0,0,0,,RiverTB_11,ODR_011,River
Start,Start,River Start at ST_014,2025-02-05 03:30:00.000000,2025-02-05 03:30:00.000000,2025-02-05 03:30:00.000000,0.0,0.0,0.0,0.0,main_point,1,,0,0,0.0,0,0,0,,RiverTB_08,ODR_011,River
ST_014,Barge Change,Change at Bang Hua Suea,2025-02-05 04:15:00.000000,2025-02-05 04:15:00.000000,2025-02-05 04:55:00.000000,0.0,0.0,0.0,12.0,main_point,1,"B_037,B_074",5400,0,0.0,0,0,0,,RiverTB_08,ODR_011,River
Barge,Barge Change Collection,Change Barge - B_037 - (ST_014 to ST_014),2025-02-05 04:15:00.000000,2025-02-05 04:15:00.000000,2025-02-05 04:35:00.000000,0.0,0.0,0.0,0.0,travel_point,1,B_037,2900,0,0.0,0,0,0,,RiverTB_08,ODR_011,River
Barge,Barge Change Collection,Change Barge - B_074 - (ST_014 to ST_014),2025-02-05 04:35:00.000000,2025-02-05 04:35:00.000000,2025-02-05 04:55:00.000000,0.0,0.0,0.0,0.0,travel_point,1,"B_037,B_074",5400,0,0.0,0,0,0,,RiverTB_08,ODR_011,River
ST_050,Customer Station,From Bang Hua Suea To Pui Mabin NKL R,2025-02-05 04:55:00.000000,2025-02-05 04:55:00.000000,2025-02-07 22:01:35.505999,0.0,145.0,19.41256830601093,7.469387755102041,main_point,1,"B_037,B_074",5400,0,0.0,0,0,0,,RiverTB_08,ODR_011,River
Travel,River-River,ST_014 to ST_015,2025-02-05 04:55:00.000000,2025-02-05 04:55:00.000000,2025-02-05 05:35:09.836066,0.0,5.0,0.6693989071038251,7.469387755102041,travel_point,1,"B_037,B_074",5400,0,0.0,0,0,0,,RiverTB_08,ODR_011,River
Travel,River-River,ST_015 to ST_016,2025-02-05 05:35:09.836066,2025-02-05 05:35:09.836066,2025-02-05 05:51:13.770492,0.0,2.0,0.2677595628415301,7.469387755102041,travel_point,1,"B_037,B_074",5400,0,0.0,0,0,0,,RiverTB_08,ODR_011,River
Travel,River-River,ST_016 to ST_017,2025-02-05 05:51:13.770492,2025-02-05 05:51:13.770492,2025-02-05 06:07:17.704918,0.0,2.0,0.2677595628415301,7.469387755102041,travel_point,1,"B_037,B_074",5400,0,0.0,0,0,0,,RiverTB_08,ODR_011,River
Travel,River-River,ST_017 to ST_018,2025-02-05 06:07:17.704918,2025-02-05 06:07:17.704918,2025-02-05 06:15:19.672131,0.0,1.0,0.13387978142076504,7.469387755102041,travel_point,1,"B_037,B_074",5400,0,0.0,0,0,0,,RiverTB_08,ODR_011,River
Travel,River-River,ST_018 to ST_019,2025-02-05 06:15:19.672131,2025-02-05 06:15:19.672131,2025-02-05 06:47:27.540983,0.0,4.0,0.5355191256830601,7.469387755102041,travel_point,1,"B_037,B_074",5400,0,0.0,0,0,0,,RiverTB_08,ODR_011,River
Travel,River-River,ST_019 to ST_020,2025-02-05 06:47:27.540983,2025-02-05 06:47:27.540983,2025-02-05 07:03:31.475409,0.0,2.0,0.2677595628415301,7.469387755102041,travel_point,1,"B_037,B_074",5400,0,0.0,0,0,0,,RiverTB_08,ODR_011,River
Travel,River-River,ST_020 to ST_021,2025-02-05 07:03:31.475409,2025-02-05 07:03:31.475409,2025-02-05 07:27:37.377048,0.0,3.0,0.4016393442622951,7.469387755102041,travel_point,1,"B_037,B_074",5400,0,0.0,0,0,0,,RiverTB_08,ODR_011,River
Travel,River-River,ST_021 to ST_022,2025-02-05 07:27:37.377048,2025-02-05 07:27:37.377048,2025-02-05 07:59:45.245900,0.0,4.0,0.5355191256830601,7.469387755102041,travel_point,1,"B_037,B_074",5400,0,0.0,0,0,0,,RiverTB_08,ODR_011,River
Travel,River-River,ST_022 to ST_023,2025-02-05 07:59:45.245900,2025-02-05 07:59:45.245900,2025-02-05 09:28:06.885244,0.0,11.0,1.4726775956284153,7.469387755102041,travel_point,1,"B_037,B_074",5400,0,0.0,0,0,0,,RiverTB_08,ODR_011,River
Travel,River-River,ST_023 to ST_024,2025-02-05 09:28:06.885244,2025-02-05 09:28:06.885244,2025-02-05 09:36:08.852457,0.0,1.0,0.13387978142076504,7.469387755102041,travel_point,1,"B_037,B_074",5400,0,0.0,0,0,0,,RiverTB_08,ODR_011,River
Travel,River-River,stop at ST_024,2025-02-05 09:36:08.852457,2025-02-06 03:24:50.163932,2025-02-06 03:24:50.163932,17.811475409722224,0.0,0.0,0.0,travel_point,1,"B_037,B_074",5400,0,0.0,0,0,0,,RiverTB_08,ODR_011,River
Travel,River-River,ST_024 to ST_025,2025-02-06 03:24:50.163932,2025-02-06 03:24:50.163932,2025-02-06 06:13:31.475407,0.0,21.0,2.8114754098360657,0.0,water_level_point,1,"B_037,B_074",5400,0,0.0,0,0,0,,RiverTB_08,ODR_011,River
Travel,River-River,ST_025 to ST_026,2025-02-06 06:13:31.475407,2025-02-06 06:13:31.475407,2025-02-06 06:29:35.409833,0.0,2.0,0.2677595628415301,7.469387755102041,travel_point,1,"B_037,B_074",5400,0,0.0,0,0,0,,RiverTB_08,ODR_011,River
Travel,River-River,ST_026 to ST_027,2025-02-06 06:29:35.409833,2025-02-06 06:29:35.409833,2025-02-06 07:17:47.213112,0.0,6.0,0.8032786885245902,7.469387755102041,travel_point,1,"B_037,B_074",5400,0,0.0,0,0,0,,RiverTB_08,ODR_011,River
Travel,River-River,ST_027 to ST_028,2025-02-06 07:17:47.213112,2025-02-06 07:17:47.213112,2025-02-06 08:46:08.852456,0.0,11.0,1.4726775956284153,7.469387755102041,travel_point,1,"B_037,B_074",5400,0,0.0,0,0,0,,RiverTB_08,ODR_011,River
Travel,River-River,ST_028 to ST_029,2025-02-06 08:46:08.852456,2025-02-06 08:46:08.852456,2025-02-06 09:10:14.754095,0.0,3.0,0.4016393442622951,7.469387755102041,travel_point,1,"B_037,B_074",5400,0,0.0,0,0,0,,RiverTB_08,ODR_011,River
Travel,River-River,ST_029 to ST_030,2025-02-06 09:10:14.754095,2025-02-06 09:10:14.754095,2025-02-06 09:34:20.655734,0.0,3.0,0.4016393442622951,7.469387755102041,travel_point,1,"B_037,B_074",5400,0,0.0,0,0,0,,RiverTB_08,ODR_011,River
Travel,River-River,ST_030 to ST_031,2025-02-06 09:34:20.655734,2025-02-06 09:34:20.655734,2025-02-06 11:26:48.196718,0.0,14.0,1.8743169398907105,7.469387755102041,travel_point,1,"B_037,B_074",5400,0,0.0,0,0,0,,RiverTB_08,ODR_011,River
Travel,River-River,ST_031 to ST_032,2025-02-06 11:26:48.196718,2025-02-06 11:26:48.196718,2025-02-06 11:42:52.131144,0.0,2.0,0.2677595628415301,7.469387755102041,travel_point,1,"B_037,B_074",5400,0,0.0,0,0,0,,RiverTB_08,ODR_011,River
Travel,River-River,ST_032 to ST_033,2025-02-06 11:42:52.131144,2025-02-06 11:42:52.131144,2025-02-06 11:58:56.065570,0.0,2.0,0.2677595628415301,7.469387755102041,travel_point,1,"B_037,B_074",5400,0,0.0,0,0,0,,RiverTB_08,ODR_011,River
Travel,River-River,ST_033 to ST_034,2025-02-06 11:58:56.065570,2025-02-06 11:58:56.065570,2025-02-06 12:14:59.999996,0.0,2.0,0.2677595628415301,7.469387755102041,travel_point,1,"B_037,B_074",5400,0,0.0,0,0,0,,RiverTB_08,ODR_011,River
Travel,River-River,ST_034 to ST_035,2025-02-06 12:14:59.999996,2025-02-06 12:14:59.999996,2025-02-06 13:11:13.770488,0.0,7.0,0.9371584699453552,7.469387755102041,travel_point,1,"B_037,B_074",5400,0,0.0,0,0,0,,RiverTB_08,ODR_011,River
Travel,River-River,ST_035 to ST_036,2025-02-06 13:11:13.770488,2025-02-06 13:11:13.770488,2025-02-06 14:31:33.442619,0.0,10.0,1.3387978142076502,7.469387755102041,travel_point,1,"B_037,B_074",5400,0,0.0,0,0,0,,RiverTB_08,ODR_011,River
Travel,River-River,ST_036 to ST_037,2025-02-06 14:31:33.442619,2025-02-06 14:31:33.442619,2025-02-06 14:47:37.377045,0.0,2.0,0.2677595628415301,7.469387755102041,travel_point,1,"B_037,B_074",5400,0,0.0,0,0,0,,RiverTB_08,ODR_011,River
Travel,River-River,ST_037 to ST_038,2025-02-06 14:47:37.377045,2025-02-06 14:47:37.377045,2025-02-06 15:11:43.278684,0.0,3.0,0.4016393442622951,7.469387755102041,travel_point,1,"B_037,B_074",5400,0,0.0,0,0,0,,RiverTB_08,ODR_011,River
Travel,River-River,ST_038 to ST_039,2025-02-06 15:11:43.278684,2025-02-06 15:11:43.278684,2025-02-06 15:27:47.213110,0.0,2.0,0.2677595628415301,7.469387755102041,travel_point,1,"B_037,B_074",5400,0,0.0,0,0,0,,RiverTB_08,ODR_011,River
Travel,River-River,stop at ST_039,2025-02-06 15:27:47.213110,2025-02-07 06:35:49.180323,2025-02-07 06:35:49.180323,15.13387978138889,0.0,0.0,0.0,travel_point,1,"B_037,B_074",5400,0,0.0,0,0,0,,RiverTB_08,ODR_011,River
Travel,River-River,ST_039 to ST_040,2025-02-07 06:35:49.180323,2025-02-07 06:35:49.180323,2025-02-07 06:43:51.147536,0.0,1.0,0.13387978142076504,0.0,water_level_point,1,"B_037,B_074",5400,0,0.0,0,0,0,,RiverTB_08,ODR_011,River
Travel,River-River,ST_040 to ST_041,2025-02-07 06:43:51.147536,2025-02-07 06:43:51.147536,2025-02-07 06:51:53.114749,0.0,1.0,0.13387978142076504,7.469387755102041,travel_point,1,"B_037,B_074",5400,0,0.0,0,0,0,,RiverTB_08,ODR_011,River
Travel,River-River,ST_041 to ST_042,2025-02-07 06:51:53.114749,2025-02-07 06:51:53.114749,2025-02-07 07:07:57.049175,0.0,2.0,0.2677595628415301,7.469387755102041,travel_point,1,"B_037,B_074",5400,0,0.0,0,0,0,,RiverTB_08,ODR_011,River
Travel,River-River,ST_042 to ST_043,2025-02-07 07:07:57.049175,2025-02-07 07:07:57.049175,2025-02-07 07:15:59.016388,0.0,1.0,0.13387978142076504,7.469387755102041,travel_point,1,"B_037,B_074",5400,0,0.0,0,0,0,,RiverTB_08,ODR_011,River
Travel,River-River,ST_043 to ST_044,2025-02-07 07:15:59.016388,2025-02-07 07:15:59.016388,2025-02-07 07:32:02.950814,0.0,2.0,0.2677595628415301,7.469387755102041,travel_point,1,"B_037,B_074",5400,0,0.0,0,0,0,,RiverTB_08,ODR_011,River
Travel,River-River,ST_044 to ST_045,2025-02-07 07:32:02.950814,2025-02-07 07:32:02.950814,2025-02-07 07:40:04.918027,0.0,1.0,0.13387978142076504,7.469387755102041,travel_point,1,"B_037,B_074",5400,0,0.0,0,0,0,,RiverTB_08,ODR_011,River
Travel,River-River,ST_045 to ST_046,2025-02-07 07:40:04.918027,2025-02-07 07:40:04.918027,2025-02-07 07:48:06.885240,0.0,1.0,0.13387978142076504,7.469387755102041,travel_point,1,"B_037,B_074",5400,0,0.0,0,0,0,,RiverTB_08,ODR_011,River
Travel,River-River,ST_046 to ST_047,2025-02-07 07:48:06.885240,2025-02-07 07:48:06.885240,2025-02-07 08:04:10.819666,0.0,2.0,0.2677595628415301,7.469387755102041,travel_point,1,"B_037,B_074",5400,0,0.0,0,0,0,,RiverTB_08,ODR_011,River
Travel,River-River,ST_047 to ST_048,2025-02-07 08:04:10.819666,2025-02-07 08:04:10.819666,2025-02-07 08:12:12.786879,0.0,1.0,0.13387978142076504,7.469387755102041,travel_point,1,"B_037,B_074",5400,0,0.0,0,0,0,,RiverTB_08,ODR_011,River
Travel,River-River,ST_048 to ST_049,2025-02-07 08:12:12.786879,2025-02-07 08:12:12.786879,2025-02-07 09:08:26.557371,0.0,7.0,0.9371584699453552,7.469387755102041,travel_point,1,"B_037,B_074",5400,0,0.0,0,0,0,,RiverTB_08,ODR_011,River
Travel,River-River,ST_049 to ST_050,2025-02-07 09:08:26.557371,2025-02-07 09:08:26.557371,2025-02-07 09:16:28.524584,0.0,1.0,0.13387978142076504,7.469387755102041,travel_point,1,"B_037,B_074",5400,0,0.0,0,0,0,,RiverTB_08,ODR_011,River
ODR_011,Loader-Customer,ld1 - B_037,2025-02-07 19:02:35.505999,2025-02-07 19:02:35.505999,2025-02-07 20:38:35.505999,0.0,0.0,1.6111111111111112,1800.0,loading_point,1,B_037,2900,0,0.0,0,0,0,,RiverTB_08,ODR_011,River
ODR_011,Loader-Customer,ld1 - B_074,2025-02-07 20:38:35.505999,2025-02-07 20:38:35.505999,2025-02-07 22:01:35.505999,0.0,0.0,1.3888888888888888,1800.0,loading_point,1,B_074,2500,0,0.0,0,0,0,,RiverTB_08,ODR_011,River
Start,Start,River Start at ST_014,2025-02-05 03:15:00.000000,2025-02-05 03:15:00.000000,2025-02-05 03:15:00.000000,0.0,0.0,0.0,0.0,main_point,1,,0,0,0.0,0,0,0,,RiverTB_12,ODR_011,River
ST_014,Barge Change,Change at Bang Hua Suea,2025-02-05 04:15:00.000000,2025-02-05 04:15:00.000000,2025-02-05 05:15:00.000000,0.0,0.0,0.0,12.0,main_point,1,"B_088,B_030,B_024",8650,0,0.0,0,0,0,,RiverTB_12,ODR_011,River
Barge,Barge Change Collection,Change Barge - B_088 - (ST_014 to ST_014),2025-02-05 04:15:00.000000,2025-02-05 04:15:00.000000,2025-02-05 04:35:00.000000,0.0,0.0,0.0,0.0,travel_point,1,B_088,3150,0,0.0,0,0,0,,RiverTB_12,ODR_011,River
Barge,Barge Change Collection,Change Barge - B_030 - (ST_014 to ST_014),2025-02-05 04:35:00.000000,2025-02-05 04:35:00.000000,2025-02-05 04:55:00.000000,0.0,0.0,0.0,0.0,travel_point,1,"B_088,B_030",6050,0,0.0,0,0,0,,RiverTB_12,ODR_011,River
Barge,Barge Change Collection,Change Barge - B_024 - (ST_014 to ST_014),2025-02-05 04:55:00.000000,2025-02-05 04:55:00.000000,2025-02-05 05:15:00.000000,0.0,0.0,0.0,0.0,travel_point,1,"B_088,B_030,B_024",8650,0,0.0,0,0,0,,RiverTB_12,ODR_011,River
ST_050,Customer Station,From Bang Hua Suea To Pui Mabin NKL R,2025-02-05 05:15:00.000000,2025-02-05 05:15:00.000000,2025-02-08 02:48:35.505999,0.0,145.0,20.69095005632745,7.007894736842106,main_point,1,"B_088,B_030,B_024",8650,0,0.0,0,0,0,,RiverTB_12,ODR_011,River
Travel,River-River,ST_014 to ST_015,2025-02-05 05:15:00.000000,2025-02-05 05:15:00.000000,2025-02-05 05:57:48.531731,0.0,5.0,0.7134810364250844,7.007894736842106,travel_point,1,"B_088,B_030,B_024",8650,0,0.0,0,0,0,,RiverTB_12,ODR_011,River
Travel,River-River,ST_015 to ST_016,2025-02-05 05:57:48.531731,2025-02-05 05:57:48.531731,2025-02-05 06:14:55.944423,0.0,2.0,0.2853924145700338,7.007894736842106,travel_point,1,"B_088,B_030,B_024",8650,0,0.0,0,0,0,,RiverTB_12,ODR_011,River
Travel,River-River,ST_016 to ST_017,2025-02-05 06:14:55.944423,2025-02-05 06:14:55.944423,2025-02-05 06:32:03.357115,0.0,2.0,0.2853924145700338,7.007894736842106,travel_point,1,"B_088,B_030,B_024",8650,0,0.0,0,0,0,,RiverTB_12,ODR_011,River
Travel,River-River,ST_017 to ST_018,2025-02-05 06:32:03.357115,2025-02-05 06:32:03.357115,2025-02-05 06:40:37.063461,0.0,1.0,0.1426962072850169,7.007894736842106,travel_point,1,"B_088,B_030,B_024",8650,0,0.0,0,0,0,,RiverTB_12,ODR_011,River
Travel,River-River,ST_018 to ST_019,2025-02-05 06:40:37.063461,2025-02-05 06:40:37.063461,2025-02-05 07:14:51.888846,0.0,4.0,0.5707848291400676,7.007894736842106,travel_point,1,"B_088,B_030,B_024",8650,0,0.0,0,0,0,,RiverTB_12,ODR_011,River
Travel,River-River,ST_019 to ST_020,2025-02-05 07:14:51.888846,2025-02-05 07:14:51.888846,2025-02-05 07:31:59.301538,0.0,2.0,0.2853924145700338,7.007894736842106,travel_point,1,"B_088,B_030,B_024",8650,0,0.0,0,0,0,,RiverTB_12,ODR_011,River
Travel,River-River,ST_020 to ST_021,2025-02-05 07:31:59.301538,2025-02-05 07:31:59.301538,2025-02-05 07:57:40.420577,0.0,3.0,0.42808862185505064,7.007894736842106,travel_point,1,"B_088,B_030,B_024",8650,0,0.0,0,0,0,,RiverTB_12,ODR_011,River
Travel,River-River,ST_021 to ST_022,2025-02-05 07:57:40.420577,2025-02-05 07:57:40.420577,2025-02-05 08:31:55.245962,0.0,4.0,0.5707848291400676,7.007894736842106,travel_point,1,"B_088,B_030,B_024",8650,0,0.0,0,0,0,,RiverTB_12,ODR_011,River
Travel,River-River,stop at ST_022,2025-02-05 08:31:55.245962,2025-02-06 01:06:06.015770,2025-02-06 01:06:06.015770,16.56965828,0.0,0.0,0.0,travel_point,1,"B_088,B_030,B_024",8650,0,0.0,0,0,0,,RiverTB_12,ODR_011,River
Travel,River-River,ST_022 to ST_023,2025-02-06 01:06:06.015770,2025-02-06 01:06:06.015770,2025-02-06 02:40:16.785578,0.0,11.0,1.5696582801351857,0.0,water_level_point,1,"B_088,B_030,B_024",8650,0,0.0,0,0,0,,RiverTB_12,ODR_011,River
Travel,River-River,ST_023 to ST_024,2025-02-06 02:40:16.785578,2025-02-06 02:40:16.785578,2025-02-06 02:48:50.491924,0.0,1.0,0.1426962072850169,7.007894736842106,travel_point,1,"B_088,B_030,B_024",8650,0,0.0,0,0,0,,RiverTB_12,ODR_011,River
Travel,River-River,ST_024 to ST_025,2025-02-06 02:48:50.491924,2025-02-06 02:48:50.491924,2025-02-06 05:48:38.325195,0.0,21.0,2.996620352985355,7.007894736842106,travel_point,1,"B_088,B_030,B_024",8650,0,0.0,0,0,0,,RiverTB_12,ODR_011,River
Travel,River-River,ST_025 to ST_026,2025-02-06 05:48:38.325195,2025-02-06 05:48:38.325195,2025-02-06 06:05:45.737887,0.0,2.0,0.2853924145700338,7.007894736842106,travel_point,1,"B_088,B_030,B_024",8650,0,0.0,0,0,0,,RiverTB_12,ODR_011,River
Travel,River-River,ST_026 to ST_027,2025-02-06 06:05:45.737887,2025-02-06 06:05:45.737887,2025-02-06 06:57:07.975964,0.0,6.0,0.8561772437101013,7.007894736842106,travel_point,1,"B_088,B_030,B_024",8650,0,0.0,0,0,0,,RiverTB_12,ODR_011,River
Travel,River-River,ST_027 to ST_028,2025-02-06 06:57:07.975964,2025-02-06 06:57:07.975964,2025-02-06 08:31:18.745772,0.0,11.0,1.5696582801351857,7.007894736842106,travel_point,1,"B_088,B_030,B_024",8650,0,0.0,0,0,0,,RiverTB_12,ODR_011,River
Travel,River-River,ST_028 to ST_029,2025-02-06 08:31:18.745772,2025-02-06 08:31:18.745772,2025-02-06 08:56:59.864811,0.0,3.0,0.42808862185505064,7.007894736842106,travel_point,1,"B_088,B_030,B_024",8650,0,0.0,0,0,0,,RiverTB_12,ODR_011,River
Travel,River-River,ST_029 to ST_030,2025-02-06 08:56:59.864811,2025-02-06 08:56:59.864811,2025-02-06 09:22:40.983850,0.0,3.0,0.42808862185505064,7.007894736842106,travel_point,1,"B_088,B_030,B_024",8650,0,0.0,0,0,0,,RiverTB_12,ODR_011,River
Travel,River-River,ST_030 to ST_031,2025-02-06 09:22:40.983850,2025-02-06 09:22:40.983850,2025-02-06 11:22:32.872697,0.0,14.0,1.9977469019902363,7.007894736842106,travel_point,1,"B_088,B_030,B_024",8650,0,0.0,0,0,0,,RiverTB_12,ODR_011,River
Travel,River-River,ST_031 to ST_032,2025-02-06 11:22:32.872697,2025-02-06 11:22:32.872697,2025-02-06 11:39:40.285389,0.0,2.0,0.2853924145700338,7.007894736842106,travel_point,1,"B_088,B_030,B_024",8650,0,0.0,0,0,0,,RiverTB_12,ODR_011,River
Travel,River-River,ST_032 to ST_033,2025-02-06 11:39:40.285389,2025-02-06 11:39:40.285389,2025-02-06 11:56:47.698081,0.0,2.0,0.2853924145700338,7.007894736842106,travel_point,1,"B_088,B_030,B_024",8650,0,0.0,0,0,0,,RiverTB_12,ODR_011,River
Travel,River-River,ST_033 to ST_034,2025-02-06 11:56:47.698081,2025-02-06 11:56:47.698081,2025-02-06 12:13:55.110773,0.0,2.0,0.2853924145700338,7.007894736842106,travel_point,1,"B_088,B_030,B_024",8650,0,0.0,0,0,0,,RiverTB_12,ODR_011,River
Travel,River-River,ST_034 to ST_035,2025-02-06 12:13:55.110773,2025-02-06 12:13:55.110773,2025-02-06 13:13:51.055197,0.0,7.0,0.9988734509951182,7.007894736842106,travel_point,1,"B_088,B_030,B_024",8650,0,0.0,0,0,0,,RiverTB_12,ODR_011,River
Travel,River-River,ST_035 to ST_036,2025-02-06 13:13:51.055197,2025-02-06 13:13:51.055197,2025-02-06 14:39:28.118659,0.0,10.0,1.4269620728501689,7.007894736842106,travel_point,1,"B_088,B_030,B_024",8650,0,0.0,0,0,0,,RiverTB_12,ODR_011,River
Travel,River-River,ST_036 to ST_037,2025-02-06 14:39:28.118659,2025-02-06 14:39:28.118659,2025-02-06 14:56:35.531351,0.0,2.0,0.2853924145700338,7.007894736842106,travel_point,1,"B_088,B_030,B_024",8650,0,0.0,0,0,0,,RiverTB_12,ODR_011,River
Travel,River-River,ST_037 to ST_038,2025-02-06 14:56:35.531351,2025-02-06 14:56:35.531351,2025-02-06 15:22:16.650390,0.0,3.0,0.42808862185505064,7.007894736842106,travel_point,1,"B_088,B_030,B_024",8650,0,0.0,0,0,0,,RiverTB_12,ODR_011,River
Travel,River-River,stop at ST_038,2025-02-06 15:22:16.650390,2025-02-07 06:39:24.063082,2025-02-07 06:39:24.063082,15.285392414444443,0.0,0.0,0.0,travel_point,1,"B_088,B_030,B_024",8650,0,0.0,0,0,0,,RiverTB_12,ODR_011,River
Travel,River-River,ST_038 to ST_039,2025-02-07 06:39:24.063082,2025-02-07 06:39:24.063082,2025-02-07 06:56:31.475774,0.0,2.0,0.2853924145700338,0.0,water_level_point,1,"B_088,B_030,B_024",8650,0,0.0,0,0,0,,RiverTB_12,ODR_011,River
Travel,River-River,ST_039 to ST_040,2025-02-07 06:56:31.475774,2025-02-07 06:56:31.475774,2025-02-07 07:05:05.182120,0.0,1.0,0.1426962072850169,7.007894736842106,travel_point,1,"B_088,B_030,B_024",8650,0,0.0,0,0,0,,RiverTB_12,ODR_011,River
Travel,River-River,ST_040 to ST_041,2025-02-07 07:05:05.182120,2025-02-07 07:05:05.182120,2025-02-07 07:13:38.888466,0.0,1.0,0.1426962072850169,7.007894736842106,travel_point,1,"B_088,B_030,B_024",8650,0,0.0,0,0,0,,RiverTB_12,ODR_011,River
Travel,River-River,ST_041 to ST_042,2025-02-07 07:13:38.888466,2025-02-07 07:13:38.888466,2025-02-07 07:30:46.301158,0.0,2.0,0.2853924145700338,7.007894736842106,travel_point,1,"B_088,B_030,B_024",8650,0,0.0,0,0,0,,RiverTB_12,ODR_011,River
Travel,River-River,ST_042 to ST_043,2025-02-07 07:30:46.301158,2025-02-07 07:30:46.301158,2025-02-07 07:39:20.007504,0.0,1.0,0.1426962072850169,7.007894736842106,travel_point,1,"B_088,B_030,B_024",8650,0,0.0,0,0,0,,RiverTB_12,ODR_011,River
Travel,River-River,ST_043 to ST_044,2025-02-07 07:39:20.007504,2025-02-07 07:39:20.007504,2025-02-07 07:56:27.420196,0.0,2.0,0.2853924145700338,7.007894736842106,travel_point,1,"B_088,B_030,B_024",8650,0,0.0,0,0,0,,RiverTB_12,ODR_011,River
Travel,River-River,ST_044 to ST_045,2025-02-07 07:56:27.420196,2025-02-07 07:56:27.420196,2025-02-07 08:05:01.126542,0.0,1.0,0.1426962072850169,7.007894736842106,travel_point,1,"B_088,B_030,B_024",8650,0,0.0,0,0,0,,RiverTB_12,ODR_011,River
Travel,River-River,ST_045 to ST_046,2025-02-07 08:05:01.126542,2025-02-07 08:05:01.126542,2025-02-07 08:13:34.832888,0.0,1.0,0.1426962072850169,7.007894736842106,travel_point,1,"B_088,B_030,B_024",8650,0,0.0,0,0,0,,RiverTB_12,ODR_011,River
Travel,River-River,ST_046 to ST_047,2025-02-07 08:13:34.832888,2025-02-07 08:13:34.832888,2025-02-07 08:30:42.245580,0.0,2.0,0.2853924145700338,7.007894736842106,travel_point,1,"B_088,B_030,B_024",8650,0,0.0,0,0,0,,RiverTB_12,ODR_011,River
Travel,River-River,ST_047 to ST_048,2025-02-07 08:30:42.245580,2025-02-07 08:30:42.245580,2025-02-07 08:39:15.951926,0.0,1.0,0.1426962072850169,7.007894736842106,travel_point,1,"B_088,B_030,B_024",8650,0,0.0,0,0,0,,RiverTB_12,ODR_011,River
Travel,River-River,ST_048 to ST_049,2025-02-07 08:39:15.951926,2025-02-07 08:39:15.951926,2025-02-07 09:39:11.896350,0.0,7.0,0.9988734509951182,7.007894736842106,travel_point,1,"B_088,B_030,B_024",8650,0,0.0,0,0,0,,RiverTB_12,ODR_011,River
Travel,River-River,ST_049 to ST_050,2025-02-07 09:39:11.896350,2025-02-07 09:39:11.896350,2025-02-07 09:47:45.602696,0.0,1.0,0.1426962072850169,7.007894736842106,travel_point,1,"B_088,B_030,B_024",8650,0,0.0,0,0,0,,RiverTB_12,ODR_011,River
ODR_011,Loader-Customer,ld1 - B_088,2025-02-07 22:01:35.505999,2025-02-07 22:01:35.505999,2025-02-07 23:46:35.505999,0.0,0.0,1.75,1800.0,loading_point,1,B_088,3150,0,0.0,0,0,0,,RiverTB_12,ODR_011,River
ODR_011,Loader-Customer,ld1 - B_030,2025-02-07 23:46:35.505999,2025-02-07 23:46:35.505999,2025-02-08 01:22:35.505999,0.0,0.0,1.6111111111111112,1800.0,loading_point,1,B_030,2900,0,0.0,0,0,0,,RiverTB_12,ODR_011,River
ODR_011,Loader-Customer,ld1 - B_024,2025-02-08 01:22:35.505999,2025-02-08 01:22:35.505999,2025-02-08 02:48:35.505999,0.0,0.0,1.4444444444444444,1800.0,loading_point,1,B_024,2600,0,0.0,0,0,0,,RiverTB_12,ODR_011,River
